ProductID,Product Name ,Year ,Fe,Al,Cu,Other_metals,Plastics,PCB,LCD_module_CCFL,LCD_module_LED,CRT_Glass,Li_battery,Others
1,Basic mobile phone,1984,,,,,,,,,,,
1,Basic mobile phone,1985,,,,,,,,,,,
1,Basic mobile phone,1986,,,,,,,,,,,
1,Basic mobile phone,1987,,,,,,,,,,,
1,Basic mobile phone,1988,,,,,,,,,,,
1,Basic mobile phone,1989,,,,,,,,,,,
1,Basic mobile phone,1990,,,,,,,,,,,
1,Basic mobile phone,1991,,,,,,,,,,,
1,Basic mobile phone,1992,,,,,,,,,,,
1,Basic mobile phone,1993,,,,,,,,,,,
1,Basic mobile phone,1994,,,,,,,,,,,
1,Basic mobile phone,1995,,,,,,,,,,,
1,Basic mobile phone,1996,,,,,,,,,,,
1,Basic mobile phone,1997,,,,,,,,,,,
1,Basic mobile phone,1998,,,,,,,,,,,
1,Basic mobile phone,1999,,,,,,,,,,,
1,Basic mobile phone,2000,,,,,,,,,,,
1,Basic mobile phone,2001,,,,,,,,,,,
1,Basic mobile phone,2002,,,,,,,,,,,
1,Basic mobile phone,2003,,,,,,,,,,,
1,Basic mobile phone,2004,,,,,,,,,,,
1,Basic mobile phone,2005,,,,,,,,,,,
1,Basic mobile phone,2006,,,,,,,,,,,
1,Basic mobile phone,2007,,,,,,,,,,,
1,Basic mobile phone,2008,,,,,,,,,,,
1,Basic mobile phone,2009,,,,,,,,,,,
1,Basic mobile phone,2010,,,,,,,,,,,
1,Basic mobile phone,2011,,,,,,,,,,,
1,Basic mobile phone,2012,,,,,,,,,,,
1,Basic mobile phone,2013,,,,,,,,,,,
1,Basic mobile phone,2014,,,,,,,,,,,
1,Basic mobile phone,2015,,,,,,,,,,,
1,Basic mobile phone,2016,,,,,,,,,,,
1,Basic mobile phone,2017,,,,,,,,,,,
1,Basic mobile phone,2018,,,,,,,,,,,
2, Blu-ray player,1989,,,,,,,,,,,
2, Blu-ray player,1990,,,,,,,,,,,
2, Blu-ray player,1991,,,,,,,,,,,
2, Blu-ray player,1992,,,,,,,,,,,
2, Blu-ray player,1993,,,,,,,,,,,
2, Blu-ray player,1994,,,,,,,,,,,
2, Blu-ray player,1995,,,,,,,,,,,
2, Blu-ray player,1996,,,,,,,,,,,
2, Blu-ray player,1997,,,,,,,,,,,
2, Blu-ray player,1998,,,,,,,,,,,
2, Blu-ray player,1999,,,,,,,,,,,
2, Blu-ray player,2000,,,,,,,,,,,
2, Blu-ray player,2001,,,,,,,,,,,
2, Blu-ray player,2002,,,,,,,,,,,
2, Blu-ray player,2003,,,,,,,,,,,
2, Blu-ray player,2004,,,,,,,,,,,
2, Blu-ray player,2005,,,,,,,,,,,
2, Blu-ray player,2006,,,,,,,,,,,
2, Blu-ray player,2007,,,,,,,,,,,
2, Blu-ray player,2008,,,,,,,,,,,
2, Blu-ray player,2009,,,,,,,,,,,
2, Blu-ray player,2010,,,,,,,,,,,
2, Blu-ray player,2011,,,,,,,,,,,
2, Blu-ray player,2012,,,,,,,,,,,
2, Blu-ray player,2013,,,,,,,,,,,
2, Blu-ray player,2014,,,,,,,,,,,
2, Blu-ray player,2015,,,,,,,,,,,
2, Blu-ray player,2016,,,,,,,,,,,
2, Blu-ray player,2017,,,,,,,,,,,
2, Blu-ray player,2018,,,,,,,,,,,
3, CRT monitor,1980,,,,,,,,,,,
3, CRT monitor,1981,,,,,,,,,,,
3, CRT monitor,1982,,,,,,,,,,,
3, CRT monitor,1983,,,,,,,,,,,
3, CRT monitor,1984,,,,,,,,,,,
3, CRT monitor,1985,,,,,,,,,,,
3, CRT monitor,1986,,,,,,,,,,,
3, CRT monitor,1987,,,,,,,,,,,
3, CRT monitor,1988,,,,,,,,,,,
3, CRT monitor,1989,,,,,,,,,,,
3, CRT monitor,1990,,,,,,,,,,,
3, CRT monitor,1991,,,,,,,,,,,
3, CRT monitor,1992,,,,,,,,,,,
3, CRT monitor,1993,,,,,,,,,,,
3, CRT monitor,1994,,,,,,,,,,,
3, CRT monitor,1995,,,,,,,,,,,
3, CRT monitor,1996,,,,,,,,,,,
3, CRT monitor,1997,,,,,,,,,,,
3, CRT monitor,1998,,,,,,,,,,,
3, CRT monitor,1999,,,,,,,,,,,
3, CRT monitor,2000,,,,,,,,,,,
3, CRT monitor,2001,,,,,,,,,,,
3, CRT monitor,2002,,,,,,,,,,,
3, CRT monitor,2003,,,,,,,,,,,
3, CRT monitor,2004,,,,,,,,,,,
3, CRT monitor,2005,,,,,,,,,,,
3, CRT monitor,2006,,,,,,,,,,,
3, CRT monitor,2007,,,,,,,,,,,
3, CRT monitor,2008,,,,,,,,,,,
3, CRT monitor,2009,,,,,,,,,,,
3, CRT monitor,2010,,,,,,,,,,,
3, CRT monitor,2011,,,,,,,,,,,
3, CRT monitor,2012,,,,,,,,,,,
3, CRT monitor,2013,,,,,,,,,,,
3, CRT monitor,2014,,,,,,,,,,,
3, CRT monitor,2015,,,,,,,,,,,
3, CRT monitor,2016,,,,,,,,,,,
3, CRT monitor,2017,,,,,,,,,,,
3, CRT monitor,2018,,,,,,,,,,,
4, CRT TV,1980,,,,,,,,,,,
4, CRT TV,1981,,,,,,,,,,,
4, CRT TV,1982,,,,,,,,,,,
4, CRT TV,1983,,,,,,,,,,,
4, CRT TV,1984,,,,,,,,,,,
4, CRT TV,1985,,,,,,,,,,,
4, CRT TV,1986,,,,,,,,,,,
4, CRT TV,1987,,,,,,,,,,,
4, CRT TV,1988,,,,,,,,,,,
4, CRT TV,1989,,,,,,,,,,,
4, CRT TV,1990,,,,,,,,,,,
4, CRT TV,1991,,,,,,,,,,,
4, CRT TV,1992,,,,,,,,,,,
4, CRT TV,1993,,,,,,,,,,,
4, CRT TV,1994,,,,,,,,,,,
4, CRT TV,1995,,,,,,,,,,,
4, CRT TV,1996,,,,,,,,,,,
4, CRT TV,1997,,,,,,,,,,,
4, CRT TV,1998,,,,,,,,,,,
4, CRT TV,1999,,,,,,,,,,,
4, CRT TV,2000,,,,,,,,,,,
4, CRT TV,2001,,,,,,,,,,,
4, CRT TV,2002,,,,,,,,,,,
4, CRT TV,2003,,,,,,,,,,,
4, CRT TV,2004,,,,,,,,,,,
4, CRT TV,2005,,,,,,,,,,,
4, CRT TV,2006,,,,,,,,,,,
4, CRT TV,2007,,,,,,,,,,,
4, CRT TV,2008,,,,,,,,,,,
4, CRT TV,2009,,,,,,,,,,,
4, CRT TV,2010,,,,,,,,,,,
4, CRT TV,2011,,,,,,,,,,,
4, CRT TV,2012,,,,,,,,,,,
4, CRT TV,2013,,,,,,,,,,,
4, CRT TV,2014,,,,,,,,,,,
4, CRT TV,2015,,,,,,,,,,,
4, CRT TV,2016,,,,,,,,,,,
4, CRT TV,2017,,,,,,,,,,,
4, CRT TV,2018,,,,,,,,,,,
5,Desktop CPU,1980,,,,,,,,,,,
5,Desktop CPU,1981,,,,,,,,,,,
5,Desktop CPU,1982,,,,,,,,,,,
5,Desktop CPU,1983,,,,,,,,,,,
5,Desktop CPU,1984,,,,,,,,,,,
5,Desktop CPU,1985,,,,,,,,,,,
5,Desktop CPU,1986,,,,,,,,,,,
5,Desktop CPU,1987,,,,,,,,,,,
5,Desktop CPU,1988,,,,,,,,,,,
5,Desktop CPU,1989,,,,,,,,,,,
5,Desktop CPU,1990,,,,,,,,,,,
5,Desktop CPU,1991,,,,,,,,,,,
5,Desktop CPU,1992,,,,,,,,,,,
5,Desktop CPU,1993,,,,,,,,,,,
5,Desktop CPU,1994,,,,,,,,,,,
5,Desktop CPU,1995,,,,,,,,,,,
5,Desktop CPU,1996,,,,,,,,,,,
5,Desktop CPU,1997,,,,,,,,,,,
5,Desktop CPU,1998,,,,,,,,,,,
5,Desktop CPU,1999,,,,,,,,,,,
5,Desktop CPU,2000,,,,,,,,,,,
5,Desktop CPU,2001,,,,,,,,,,,
5,Desktop CPU,2002,,,,,,,,,,,
5,Desktop CPU,2003,,,,,,,,,,,
5,Desktop CPU,2004,,,,,,,,,,,
5,Desktop CPU,2005,,,,,,,,,,,
5,Desktop CPU,2006,,,,,,,,,,,
5,Desktop CPU,2007,,,,,,,,,,,
5,Desktop CPU,2008,,,,,,,,,,,
5,Desktop CPU,2009,,,,,,,,,,,
5,Desktop CPU,2010,,,,,,,,,,,
5,Desktop CPU,2011,,,,,,,,,,,
5,Desktop CPU,2012,,,,,,,,,,,
5,Desktop CPU,2013,,,,,,,,,,,
5,Desktop CPU,2014,,,,,,,,,,,
5,Desktop CPU,2015,,,,,,,,,,,
5,Desktop CPU,2016,,,,,,,,,,,
5,Desktop CPU,2017,,,,,,,,,,,
5,Desktop CPU,2018,,,,,,,,,,,
6,Digital camcorders,1985,,,,,,,,,,,
6,Digital camcorders,1986,,,,,,,,,,,
6,Digital camcorders,1987,,,,,,,,,,,
6,Digital camcorders,1988,,,,,,,,,,,
6,Digital camcorders,1989,,,,,,,,,,,
6,Digital camcorders,1990,,,,,,,,,,,
6,Digital camcorders,1991,,,,,,,,,,,
6,Digital camcorders,1992,,,,,,,,,,,
6,Digital camcorders,1993,,,,,,,,,,,
6,Digital camcorders,1994,,,,,,,,,,,
6,Digital camcorders,1995,,,,,,,,,,,
6,Digital camcorders,1996,,,,,,,,,,,
6,Digital camcorders,1997,,,,,,,,,,,
6,Digital camcorders,1998,,,,,,,,,,,
6,Digital camcorders,1999,,,,,,,,,,,
6,Digital camcorders,2000,,,,,,,,,,,
6,Digital camcorders,2001,,,,,,,,,,,
6,Digital camcorders,2002,,,,,,,,,,,
6,Digital camcorders,2003,,,,,,,,,,,
6,Digital camcorders,2004,,,,,,,,,,,
6,Digital camcorders,2005,,,,,,,,,,,
6,Digital camcorders,2006,,,,,,,,,,,
6,Digital camcorders,2007,,,,,,,,,,,
6,Digital camcorders,2008,,,,,,,,,,,
6,Digital camcorders,2009,,,,,,,,,,,
6,Digital camcorders,2010,,,,,,,,,,,
6,Digital camcorders,2011,,,,,,,,,,,
6,Digital camcorders,2012,,,,,,,,,,,
6,Digital camcorders,2013,,,,,,,,,,,
6,Digital camcorders,2014,,,,,,,,,,,
6,Digital camcorders,2015,,,,,,,,,,,
6,Digital camcorders,2016,,,,,,,,,,,
6,Digital camcorders,2017,,,,,,,,,,,
6,Digital camcorders,2018,,,,,,,,,,,
7, Digital cameras,1989,,,,,,,,,,,
7, Digital cameras,1990,,,,,,,,,,,
7, Digital cameras,1991,,,,,,,,,,,
7, Digital cameras,1992,,,,,,,,,,,
7, Digital cameras,1993,,,,,,,,,,,
7, Digital cameras,1994,,,,,,,,,,,
7, Digital cameras,1995,,,,,,,,,,,
7, Digital cameras,1996,,,,,,,,,,,
7, Digital cameras,1997,,,,,,,,,,,
7, Digital cameras,1998,,,,,,,,,,,
7, Digital cameras,1999,,,,,,,,,,,
7, Digital cameras,2000,,,,,,,,,,,
7, Digital cameras,2001,,,,,,,,,,,
7, Digital cameras,2002,,,,,,,,,,,
7, Digital cameras,2003,,,,,,,,,,,
7, Digital cameras,2004,,,,,,,,,,,
7, Digital cameras,2005,,,,,,,,,,,
7, Digital cameras,2006,,,,,,,,,,,
7, Digital cameras,2007,,,,,,,,,,,
7, Digital cameras,2008,,,,,,,,,,,
7, Digital cameras,2009,,,,,,,,,,,
7, Digital cameras,2010,,,,,,,,,,,
7, Digital cameras,2011,,,,,,,,,,,
7, Digital cameras,2012,,,,,,,,,,,
7, Digital cameras,2013,,,,,,,,,,,
7, Digital cameras,2014,,,,,,,,,,,
7, Digital cameras,2015,,,,,,,,,,,
7, Digital cameras,2016,,,,,,,,,,,
7, Digital cameras,2017,,,,,,,,,,,
7, Digital cameras,2018,,,,,,,,,,,
8,DVD player,1989,,,,,,,,,,,
8,DVD player,1990,,,,,,,,,,,
8,DVD player,1991,,,,,,,,,,,
8,DVD player,1992,,,,,,,,,,,
8,DVD player,1993,,,,,,,,,,,
8,DVD player,1994,,,,,,,,,,,
8,DVD player,1995,,,,,,,,,,,
8,DVD player,1996,,,,,,,,,,,
8,DVD player,1997,,,,,,,,,,,
8,DVD player,1998,,,,,,,,,,,
8,DVD player,1999,,,,,,,,,,,
8,DVD player,2000,,,,,,,,,,,
8,DVD player,2001,,,,,,,,,,,
8,DVD player,2002,,,,,,,,,,,
8,DVD player,2003,,,,,,,,,,,
8,DVD player,2004,,,,,,,,,,,
8,DVD player,2005,,,,,,,,,,,
8,DVD player,2006,,,,,,,,,,,
8,DVD player,2007,,,,,,,,,,,
8,DVD player,2008,,,,,,,,,,,
8,DVD player,2009,,,,,,,,,,,
8,DVD player,2010,,,,,,,,,,,
8,DVD player,2011,,,,,,,,,,,
8,DVD player,2012,,,,,,,,,,,
8,DVD player,2013,,,,,,,,,,,
8,DVD player,2014,,,,,,,,,,,
8,DVD player,2015,,,,,,,,,,,
8,DVD player,2016,,,,,,,,,,,
8,DVD player,2017,,,,,,,,,,,
8,DVD player,2018,,,,,,,,,,,
9,Gaming consoles,1989,,,,,,,,,,,
9,Gaming consoles,1990,,,,,,,,,,,
9,Gaming consoles,1991,,,,,,,,,,,
9,Gaming consoles,1992,,,,,,,,,,,
9,Gaming consoles,1993,,,,,,,,,,,
9,Gaming consoles,1994,,,,,,,,,,,
9,Gaming consoles,1995,,,,,,,,,,,
9,Gaming consoles,1996,,,,,,,,,,,
9,Gaming consoles,1997,,,,,,,,,,,
9,Gaming consoles,1998,,,,,,,,,,,
9,Gaming consoles,1999,,,,,,,,,,,
9,Gaming consoles,2000,,,,,,,,,,,
9,Gaming consoles,2001,,,,,,,,,,,
9,Gaming consoles,2002,,,,,,,,,,,
9,Gaming consoles,2003,,,,,,,,,,,
9,Gaming consoles,2004,,,,,,,,,,,
9,Gaming consoles,2005,,,,,,,,,,,
9,Gaming consoles,2006,,,,,,,,,,,
9,Gaming consoles,2007,,,,,,,,,,,
9,Gaming consoles,2008,,,,,,,,,,,
9,Gaming consoles,2009,,,,,,,,,,,
9,Gaming consoles,2010,,,,,,,,,,,
9,Gaming consoles,2011,,,,,,,,,,,
9,Gaming consoles,2012,,,,,,,,,,,
9,Gaming consoles,2013,,,,,,,,,,,
9,Gaming consoles,2014,,,,,,,,,,,
9,Gaming consoles,2015,,,,,,,,,,,
9,Gaming consoles,2016,,,,,,,,,,,
9,Gaming consoles,2017,,,,,,,,,,,
9,Gaming consoles,2018,,,,,,,,,,,
10,Laptops,1989,,,,,,,,,,,
10,Laptops,1990,,,,,,,,,,,
10,Laptops,1991,,,,,,,,,,,
10,Laptops,1992,,,,,,,,,,,
10,Laptops,1993,,,,,,,,,,,
10,Laptops,1994,,,,,,,,,,,
10,Laptops,1995,,,,,,,,,,,
10,Laptops,1996,,,,,,,,,,,
10,Laptops,1997,,,,,,,,,,,
10,Laptops,1998,,,,,,,,,,,
10,Laptops,1999,,,,,,,,,,,
10,Laptops,2000,,,,,,,,,,,
10,Laptops,2001,,,,,,,,,,,
10,Laptops,2002,,,,,,,,,,,
10,Laptops,2003,,,,,,,,,,,
10,Laptops,2004,,,,,,,,,,,
10,Laptops,2005,,,,,,,,,,,
10,Laptops,2006,,,,,,,,,,,
10,Laptops,2007,,,,,,,,,,,
10,Laptops,2008,,,,,,,,,,,
10,Laptops,2009,,,,,,,,,,,
10,Laptops,2010,,,,,,,,,,,
10,Laptops,2011,,,,,,,,,,,
10,Laptops,2012,,,,,,,,,,,
10,Laptops,2013,,,,,,,,,,,
10,Laptops,2014,,,,,,,,,,,
10,Laptops,2015,,,,,,,,,,,
10,Laptops,2016,,,,,,,,,,,
10,Laptops,2017,,,,,,,,,,,
10,Laptops,2018,,,,,,,,,,,
11,LED Monitor,1989,,,,,,,,,,,
11,LED Monitor,1990,,,,,,,,,,,
11,LED Monitor,1991,,,,,,,,,,,
11,LED Monitor,1992,,,,,,,,,,,
11,LED Monitor,1993,,,,,,,,,,,
11,LED Monitor,1994,,,,,,,,,,,
11,LED Monitor,1995,,,,,,,,,,,
11,LED Monitor,1996,,,,,,,,,,,
11,LED Monitor,1997,,,,,,,,,,,
11,LED Monitor,1998,,,,,,,,,,,
11,LED Monitor,1999,,,,,,,,,,,
11,LED Monitor,2000,,,,,,,,,,,
11,LED Monitor,2001,,,,,,,,,,,
11,LED Monitor,2002,,,,,,,,,,,
11,LED Monitor,2003,,,,,,,,,,,
11,LED Monitor,2004,,,,,,,,,,,
11,LED Monitor,2005,,,,,,,,,,,
11,LED Monitor,2006,,,,,,,,,,,
11,LED Monitor,2007,,,,,,,,,,,
11,LED Monitor,2008,,,,,,,,,,,
11,LED Monitor,2009,,,,,,,,,,,
11,LED Monitor,2010,,,,,,,,,,,
11,LED Monitor,2011,,,,,,,,,,,
11,LED Monitor,2012,,,,,,,,,,,
11,LED Monitor,2013,,,,,,,,,,,
11,LED Monitor,2014,,,,,,,,,,,
11,LED Monitor,2015,,,,,,,,,,,
11,LED Monitor,2016,,,,,,,,,,,
11,LED Monitor,2017,,,,,,,,,,,
11,LED Monitor,2018,,,,,,,,,,,
12,LED TV,1989,,,,,,,,,,,
12,LED TV,1990,,,,,,,,,,,
12,LED TV,1991,,,,,,,,,,,
12,LED TV,1992,,,,,,,,,,,
12,LED TV,1993,,,,,,,,,,,
12,LED TV,1994,,,,,,,,,,,
12,LED TV,1995,,,,,,,,,,,
12,LED TV,1996,,,,,,,,,,,
12,LED TV,1997,,,,,,,,,,,
12,LED TV,1998,,,,,,,,,,,
12,LED TV,1999,,,,,,,,,,,
12,LED TV,2000,,,,,,,,,,,
12,LED TV,2001,,,,,,,,,,,
12,LED TV,2002,,,,,,,,,,,
12,LED TV,2003,,,,,,,,,,,
12,LED TV,2004,,,,,,,,,,,
12,LED TV,2005,,,,,,,,,,,
12,LED TV,2006,,,,,,,,,,,
12,LED TV,2007,,,,,,,,,,,
12,LED TV,2008,,,,,,,,,,,
12,LED TV,2009,,,,,,,,,,,
12,LED TV,2010,,,,,,,,,,,
12,LED TV,2011,,,,,,,,,,,
12,LED TV,2012,,,,,,,,,,,
12,LED TV,2013,,,,,,,,,,,
12,LED TV,2014,,,,,,,,,,,
12,LED TV,2015,,,,,,,,,,,
12,LED TV,2016,,,,,,,,,,,
12,LED TV,2017,,,,,,,,,,,
12,LED TV,2018,,,,,,,,,,,
13, LCD monitor,1989,,,,,,,,,,,
13, LCD monitor,1990,,,,,,,,,,,
13, LCD monitor,1991,,,,,,,,,,,
13, LCD monitor,1992,,,,,,,,,,,
13, LCD monitor,1993,,,,,,,,,,,
13, LCD monitor,1994,,,,,,,,,,,
13, LCD monitor,1995,,,,,,,,,,,
13, LCD monitor,1996,,,,,,,,,,,
13, LCD monitor,1997,,,,,,,,,,,
13, LCD monitor,1998,,,,,,,,,,,
13, LCD monitor,1999,,,,,,,,,,,
13, LCD monitor,2000,,,,,,,,,,,
13, LCD monitor,2001,,,,,,,,,,,
13, LCD monitor,2002,,,,,,,,,,,
13, LCD monitor,2003,,,,,,,,,,,
13, LCD monitor,2004,,,,,,,,,,,
13, LCD monitor,2005,,,,,,,,,,,
13, LCD monitor,2006,,,,,,,,,,,
13, LCD monitor,2007,,,,,,,,,,,
13, LCD monitor,2008,,,,,,,,,,,
13, LCD monitor,2009,,,,,,,,,,,
13, LCD monitor,2010,,,,,,,,,,,
13, LCD monitor,2011,,,,,,,,,,,
13, LCD monitor,2012,,,,,,,,,,,
13, LCD monitor,2013,,,,,,,,,,,
13, LCD monitor,2014,,,,,,,,,,,
13, LCD monitor,2015,,,,,,,,,,,
13, LCD monitor,2016,,,,,,,,,,,
13, LCD monitor,2017,,,,,,,,,,,
13, LCD monitor,2018,,,,,,,,,,,
14,LCD TV,1989,,,,,,,,,,,
14,LCD TV,1990,,,,,,,,,,,
14,LCD TV,1991,,,,,,,,,,,
14,LCD TV,1992,,,,,,,,,,,
14,LCD TV,1993,,,,,,,,,,,
14,LCD TV,1994,,,,,,,,,,,
14,LCD TV,1995,,,,,,,,,,,
14,LCD TV,1996,,,,,,,,,,,
14,LCD TV,1997,,,,,,,,,,,
14,LCD TV,1998,,,,,,,,,,,
14,LCD TV,1999,,,,,,,,,,,
14,LCD TV,2000,,,,,,,,,,,
14,LCD TV,2001,,,,,,,,,,,
14,LCD TV,2002,,,,,,,,,,,
14,LCD TV,2003,,,,,,,,,,,
14,LCD TV,2004,,,,,,,,,,,
14,LCD TV,2005,,,,,,,,,,,
14,LCD TV,2006,,,,,,,,,,,
14,LCD TV,2007,,,,,,,,,,,
14,LCD TV,2008,,,,,,,,,,,
14,LCD TV,2009,,,,,,,,,,,
14,LCD TV,2010,,,,,,,,,,,
14,LCD TV,2011,,,,,,,,,,,
14,LCD TV,2012,,,,,,,,,,,
14,LCD TV,2013,,,,,,,,,,,
14,LCD TV,2014,,,,,,,,,,,
14,LCD TV,2015,,,,,,,,,,,
14,LCD TV,2016,,,,,,,,,,,
14,LCD TV,2017,,,,,,,,,,,
14,LCD TV,2018,,,,,,,,,,,
15,MP3 player,1989,,,,,,,,,,,
15,MP3 player,1990,,,,,,,,,,,
15,MP3 player,1991,,,,,,,,,,,
15,MP3 player,1992,,,,,,,,,,,
15,MP3 player,1993,,,,,,,,,,,
15,MP3 player,1994,,,,,,,,,,,
15,MP3 player,1995,,,,,,,,,,,
15,MP3 player,1996,,,,,,,,,,,
15,MP3 player,1997,,,,,,,,,,,
15,MP3 player,1998,,,,,,,,,,,
15,MP3 player,1999,,,,,,,,,,,
15,MP3 player,2000,,,,,,,,,,,
15,MP3 player,2001,,,,,,,,,,,
15,MP3 player,2002,,,,,,,,,,,
15,MP3 player,2003,,,,,,,,,,,
15,MP3 player,2004,,,,,,,,,,,
15,MP3 player,2005,,,,,,,,,,,
15,MP3 player,2006,,,,,,,,,,,
15,MP3 player,2007,,,,,,,,,,,
15,MP3 player,2008,,,,,,,,,,,
15,MP3 player,2009,,,,,,,,,,,
15,MP3 player,2010,,,,,,,,,,,
15,MP3 player,2011,,,,,,,,,,,
15,MP3 player,2012,,,,,,,,,,,
15,MP3 player,2013,,,,,,,,,,,
15,MP3 player,2014,,,,,,,,,,,
15,MP3 player,2015,,,,,,,,,,,
15,MP3 player,2016,,,,,,,,,,,
15,MP3 player,2017,,,,,,,,,,,
15,MP3 player,2018,,,,,,,,,,,
16,Plasma TV,1989,,,,,,,,,,,
16,Plasma TV,1990,,,,,,,,,,,
16,Plasma TV,1991,,,,,,,,,,,
16,Plasma TV,1992,,,,,,,,,,,
16,Plasma TV,1993,,,,,,,,,,,
16,Plasma TV,1994,,,,,,,,,,,
16,Plasma TV,1995,,,,,,,,,,,
16,Plasma TV,1996,,,,,,,,,,,
16,Plasma TV,1997,,,,,,,,,,,
16,Plasma TV,1998,,,,,,,,,,,
16,Plasma TV,1999,,,,,,,,,,,
16,Plasma TV,2000,,,,,,,,,,,
16,Plasma TV,2001,,,,,,,,,,,
16,Plasma TV,2002,,,,,,,,,,,
16,Plasma TV,2003,,,,,,,,,,,
16,Plasma TV,2004,,,,,,,,,,,
16,Plasma TV,2005,,,,,,,,,,,
16,Plasma TV,2006,,,,,,,,,,,
16,Plasma TV,2007,,,,,,,,,,,
16,Plasma TV,2008,,,,,,,,,,,
16,Plasma TV,2009,,,,,,,,,,,
16,Plasma TV,2010,,,,,,,,,,,
16,Plasma TV,2011,,,,,,,,,,,
16,Plasma TV,2012,,,,,,,,,,,
16,Plasma TV,2013,,,,,,,,,,,
16,Plasma TV,2014,,,,,,,,,,,
16,Plasma TV,2015,,,,,,,,,,,
16,Plasma TV,2016,,,,,,,,,,,
16,Plasma TV,2017,,,,,,,,,,,
16,Plasma TV,2018,,,,,,,,,,,
17,Printer,1980,,,,,,,,,,,
17,Printer,1981,,,,,,,,,,,
17,Printer,1982,,,,,,,,,,,
17,Printer,1983,,,,,,,,,,,
17,Printer,1984,,,,,,,,,,,
17,Printer,1985,,,,,,,,,,,
17,Printer,1986,,,,,,,,,,,
17,Printer,1987,,,,,,,,,,,
17,Printer,1988,,,,,,,,,,,
17,Printer,1989,,,,,,,,,,,
17,Printer,1990,,,,,,,,,,,
17,Printer,1991,,,,,,,,,,,
17,Printer,1992,,,,,,,,,,,
17,Printer,1993,,,,,,,,,,,
17,Printer,1994,,,,,,,,,,,
17,Printer,1995,,,,,,,,,,,
17,Printer,1996,,,,,,,,,,,
17,Printer,1997,,,,,,,,,,,
17,Printer,1998,,,,,,,,,,,
17,Printer,1999,,,,,,,,,,,
17,Printer,2000,,,,,,,,,,,
17,Printer,2001,,,,,,,,,,,
17,Printer,2002,,,,,,,,,,,
17,Printer,2003,,,,,,,,,,,
17,Printer,2004,,,,,,,,,,,
17,Printer,2005,,,,,,,,,,,
17,Printer,2006,,,,,,,,,,,
17,Printer,2007,,,,,,,,,,,
17,Printer,2008,,,,,,,,,,,
17,Printer,2009,,,,,,,,,,,
17,Printer,2010,,,,,,,,,,,
17,Printer,2011,,,,,,,,,,,
17,Printer,2012,,,,,,,,,,,
17,Printer,2013,,,,,,,,,,,
17,Printer,2014,,,,,,,,,,,
17,Printer,2015,,,,,,,,,,,
17,Printer,2016,,,,,,,,,,,
17,Printer,2017,,,,,,,,,,,
17,Printer,2018,,,,,,,,,,,
18,Smart phone,1989,,,,,,,,,,,
18,Smart phone,1990,,,,,,,,,,,
18,Smart phone,1991,,,,,,,,,,,
18,Smart phone,1992,,,,,,,,,,,
18,Smart phone,1993,,,,,,,,,,,
18,Smart phone,1994,,,,,,,,,,,
18,Smart phone,1995,,,,,,,,,,,
18,Smart phone,1996,,,,,,,,,,,
18,Smart phone,1997,,,,,,,,,,,
18,Smart phone,1998,,,,,,,,,,,
18,Smart phone,1999,,,,,,,,,,,
18,Smart phone,2000,,,,,,,,,,,
18,Smart phone,2001,,,,,,,,,,,
18,Smart phone,2002,,,,,,,,,,,
18,Smart phone,2003,,,,,,,,,,,
18,Smart phone,2004,,,,,,,,,,,
18,Smart phone,2005,,,,,,,,,,,
18,Smart phone,2006,,,,,,,,,,,
18,Smart phone,2007,,,,,,,,,,,
18,Smart phone,2008,,,,,,,,,,,
18,Smart phone,2009,,,,,,,,,,,
18,Smart phone,2010,,,,,,,,,,,
18,Smart phone,2011,,,,,,,,,,,
18,Smart phone,2012,,,,,,,,,,,
18,Smart phone,2013,,,,,,,,,,,
18,Smart phone,2014,,,,,,,,,,,
18,Smart phone,2015,,,,,,,,,,,
18,Smart phone,2016,,,,,,,,,,,
18,Smart phone,2017,,,,,,,,,,,
18,Smart phone,2018,,,,,,,,,,,
19,Tablet,1989,,,,,,,,,,,
19,Tablet,1990,,,,,,,,,,,
19,Tablet,1991,,,,,,,,,,,
19,Tablet,1992,,,,,,,,,,,
19,Tablet,1993,,,,,,,,,,,
19,Tablet,1994,,,,,,,,,,,
19,Tablet,1995,,,,,,,,,,,
19,Tablet,1996,,,,,,,,,,,
19,Tablet,1997,,,,,,,,,,,
19,Tablet,1998,,,,,,,,,,,
19,Tablet,1999,,,,,,,,,,,
19,Tablet,2000,,,,,,,,,,,
19,Tablet,2001,,,,,,,,,,,
19,Tablet,2002,,,,,,,,,,,
19,Tablet,2003,,,,,,,,,,,
19,Tablet,2004,,,,,,,,,,,
19,Tablet,2005,,,,,,,,,,,
19,Tablet,2006,,,,,,,,,,,
19,Tablet,2007,,,,,,,,,,,
19,Tablet,2008,,,,,,,,,,,
19,Tablet,2009,,,,,,,,,,,
19,Tablet,2010,,,,,,,,,,,
19,Tablet,2011,,,,,,,,,,,
19,Tablet,2012,,,,,,,,,,,
19,Tablet,2013,,,,,,,,,,,
19,Tablet,2014,,,,,,,,,,,
19,Tablet,2015,,,,,,,,,,,
19,Tablet,2016,,,,,,,,,,,
19,Tablet,2017,,,,,,,,,,,
19,Tablet,2018,,,,,,,,,,,
20, VCR,1980,,,,,,,,,,,
20, VCR,1981,,,,,,,,,,,
20, VCR,1982,,,,,,,,,,,
20, VCR,1983,,,,,,,,,,,
20, VCR,1984,,,,,,,,,,,
20, VCR,1985,,,,,,,,,,,
20, VCR,1986,,,,,,,,,,,
20, VCR,1987,,,,,,,,,,,
20, VCR,1988,,,,,,,,,,,
20, VCR,1989,,,,,,,,,,,
20, VCR,1990,,,,,,,,,,,
20, VCR,1991,,,,,,,,,,,
20, VCR,1992,,,,,,,,,,,
20, VCR,1993,,,,,,,,,,,
20, VCR,1994,,,,,,,,,,,
20, VCR,1995,,,,,,,,,,,
20, VCR,1996,,,,,,,,,,,
20, VCR,1997,,,,,,,,,,,
20, VCR,1998,,,,,,,,,,,
20, VCR,1999,,,,,,,,,,,
20, VCR,2000,,,,,,,,,,,
20, VCR,2001,,,,,,,,,,,
20, VCR,2002,,,,,,,,,,,
20, VCR,2003,,,,,,,,,,,
20, VCR,2004,,,,,,,,,,,
20, VCR,2005,,,,,,,,,,,
20, VCR,2006,,,,,,,,,,,
20, VCR,2007,,,,,,,,,,,
20, VCR,2008,,,,,,,,,,,
20, VCR,2009,,,,,,,,,,,
20, VCR,2010,,,,,,,,,,,
20, VCR,2011,,,,,,,,,,,
20, VCR,2012,,,,,,,,,,,
20, VCR,2013,,,,,,,,,,,
20, VCR,2014,,,,,,,,,,,
20, VCR,2015,,,,,,,,,,,
20, VCR,2016,,,,,,,,,,,
20, VCR,2017,,,,,,,,,,,
20, VCR,2018,,,,,,,,,,,
